Knee-to-chest (left),30,https://raw.githubusercontent.com/rachelwigell/exercise_app/refs/heads/main/assets/images/hip_stretches/knee_to_chest.png
Knee-to-chest (right),30,https://raw.githubusercontent.com/rachelwigell/exercise_app/refs/heads/main/assets/images/hip_stretches/knee_to_chest.png
Piriformis stretch (left),30,https://raw.githubusercontent.com/rachelwigell/exercise_app/refs/heads/main/assets/images/hip_stretches/piriformis.png
Piriformis stretch (right),30,https://raw.githubusercontent.com/rachelwigell/exercise_app/refs/heads/main/assets/images/hip_stretches/piriformis.png
Advanced piriformis stretch (left),30,https://raw.githubusercontent.com/rachelwigell/exercise_app/refs/heads/main/assets/images/hip_stretches/advanced_piriformis.png
Advanced piriformis stretch (right),30,https://raw.githubusercontent.com/rachelwigell/exercise_app/refs/heads/main/assets/images/hip_stretches/advanced_piriformis.png
Hamstring stretch (left),30,https://raw.githubusercontent.com/rachelwigell/exercise_app/refs/heads/main/assets/images/hip_stretches/hamstring.png
Hamstring stretch (right),30,https://raw.githubusercontent.com/rachelwigell/exercise_app/refs/heads/main/assets/images/hip_stretches/hamstring.png
Lying butterfly stretch,30,https://raw.githubusercontent.com/rachelwigell/exercise_app/refs/heads/main/assets/images/hip_stretches/lying_butterfly.png
Seated butterfly stretch,30,https://raw.githubusercontent.com/rachelwigell/exercise_app/refs/heads/main/assets/images/hip_stretches/seated_butterfly.png
Lying hip flexor stretch (left),30,https://raw.githubusercontent.com/rachelwigell/exercise_app/refs/heads/main/assets/images/hip_stretches/lying_flexor.png
Lying hip flexor stretch (right),30,https://raw.githubusercontent.com/rachelwigell/exercise_app/refs/heads/main/assets/images/hip_stretches/lying_flexor.png
Upright hip flexor stretch (left),30,https://raw.githubusercontent.com/rachelwigell/exercise_app/refs/heads/main/assets/images/hip_stretches/upright_flexor.png
Upright hip flexor stretch (right),30,https://raw.githubusercontent.com/rachelwigell/exercise_app/refs/heads/main/assets/images/hip_stretches/upright_flexor.png